Id,Tag,DescEng,DescRus,Groups,PLC,PLC_INP,Algorithms,Mimics
554,020BM110A01_MAINT20_MH,"Maintenance, h","Техобслуживание, ч",991_Maintenance,"{'PLCNo': '991', 'FC': 0, 'Input': {'Type': None, 'Block': 6806, 'Word': 2, 'Bit': 0}, 'Output': {'Type': None, 'Block': 0, 'Word': 0, 'Bit': 0}}",%DB6806.DBD2,"{'ConvAlg': '4 Int/Ext', 'CalcAlg': '1', 'BlockAlg': '0 No Algorithm'}",
556,020BM120A01_MAINT20_MH,"Maintenance, h","Техобслуживание, ч",991_Maintenance,"{'PLCNo': '991', 'FC': 0, 'Input': {'Type': None, 'Block': 6906, 'Word': 2, 'Bit': 0}, 'Output': {'Type': None, 'Block': 0, 'Word': 0, 'Bit': 0}}",%DB6906.DBD2,"{'ConvAlg': '4 Int/Ext', 'CalcAlg': '1', 'BlockAlg': '0 No Algorithm'}",
558,020ML060A01_MAINT20_MH,"Maintenance, h","Техобслуживание, ч",991_Maintenance,"{'PLCNo': '991', 'FC': 0, 'Input': {'Type': None, 'Block': 6706, 'Word': 2, 'Bit': 0}, 'Output': {'Type': None, 'Block': 0, 'Word': 0, 'Bit': 0}}",%DB6706.DBD2,"{'ConvAlg': '4 Int/Ext', 'CalcAlg': '1', 'BlockAlg': '0 No Algorithm'}",
560,020ML060A01_MAINT21_MH,"Maintenance, h","Техобслуживание, ч",991_Maintenance,"{'PLCNo': '991', 'FC': 0, 'Input': {'Type': None, 'Block': 6706, 'Word': 6, 'Bit': 0}, 'Output': {'Type': None, 'Block': 0, 'Word': 0, 'Bit': 0}}",%DB6706.DBD6,"{'ConvAlg': '4 Int/Ext', 'CalcAlg': '1', 'BlockAlg': '0 No Algorithm'}",
633,060SP358U01_MAINT_MH,"Maintenance, h","Техобслуживание, ч",991_Maintenance,"{'PLCNo': '991', 'FC': 0, 'Input': {'Type': None, 'Block': 6115, 'Word': 2, 'Bit': 0}, 'Output': {'Type': None, 'Block': 0, 'Word': 0, 'Bit': 0}}",%DB6115.DBD2,"{'ConvAlg': '4 Int/Ext', 'CalcAlg': '1', 'BlockAlg': '0 No Algorithm'}",
1102,030TK851_MAINT_MH,"Maintenance, h","Техобслуживание, ч",991_Maintenance,"{'PLCNo': '991', 'FC': 0, 'Input': {'Type': None, 'Block': 6117, 'Word': 2, 'Bit': 0}, 'Output': {'Type': None, 'Block': 0, 'Word': 0, 'Bit': 0}}",%DB6117.DBD2,"{'ConvAlg': '4 Int/Ext', 'CalcAlg': '1', 'BlockAlg': '0 No Algorithm'}",
1112,020ML060A01_MAINT1_MH,"Maintenance, h","Техобслуживание, ч",991_Maintenance,"{'PLCNo': '991', 'FC': 0, 'Input': {'Type': None, 'Block': 6701, 'Word': 2, 'Bit': 0}, 'Output': {'Type': None, 'Block': 0, 'Word': 0, 'Bit': 0}}",%DB6701.DBD2,"{'ConvAlg': '4 Int/Ext', 'CalcAlg': '1', 'BlockAlg': '0 No Algorithm'}",
2044,060SP351GK01_MAINT_MH,"Maintenance, h","Компенсатор, ч",991_Maintenance,"{'PLCNo': '991', 'FC': 0, 'Input': {'Type': None, 'Block': 6023, 'Word': 10, 'Bit': 0}, 'Output': {'Type': None, 'Block': 0, 'Word': 0, 'Bit': 0}}",%DB6023.DBD10,"{'ConvAlg': '4 Int/Ext', 'CalcAlg': '1', 'BlockAlg': '0 No Algorithm'}",
2072,060SP352GK01_MAINT_MH,"Maintenance, h","Компенсатор, ч",991_Maintenance,"{'PLCNo': '991', 'FC': 0, 'Input': {'Type': None, 'Block': 6024, 'Word': 10, 'Bit': 0}, 'Output': {'Type': None, 'Block': 0, 'Word': 0, 'Bit': 0}}",%DB6024.DBD10,"{'ConvAlg': '4 Int/Ext', 'CalcAlg': '1', 'BlockAlg': '0 No Algorithm'}",
2076,060SP357GK01_MAINT_MH,"Maintenance, h","Компенсатор, ч",991_Maintenance,"{'PLCNo': '991', 'FC': 0, 'Input': {'Type': None, 'Block': 6025, 'Word': 10, 'Bit': 0}, 'Output': {'Type': None, 'Block': 0, 'Word': 0, 'Bit': 0}}",%DB6025.DBD10,"{'ConvAlg': '4 Int/Ext', 'CalcAlg': '1', 'BlockAlg': '0 No Algorithm'}",
2078,060SP358GK01_MAINT_MH,"Maintenance, h","Компенсатор, ч",991_Maintenance,"{'PLCNo': '991', 'FC': 0, 'Input': {'Type': None, 'Block': 6115, 'Word': 10, 'Bit': 0}, 'Output': {'Type': None, 'Block': 0, 'Word': 0, 'Bit': 0}}",%DB6115.DBD10,"{'ConvAlg': '4 Int/Ext', 'CalcAlg': '1', 'BlockAlg': '0 No Algorithm'}",
2308,080SP530U01_MAINT_MH,"Maintenance, h","Техобслуживание, ч",992_Maintenance,"{'PLCNo': '992', 'FC': 0, 'Input': {'Type': None, 'Block': 6037, 'Word': 2, 'Bit': 0}, 'Output': {'Type': None, 'Block': 6037, 'Word': 2, 'Bit': 0}}",%DB6037.DBD2,"{'ConvAlg': '4 Int/Ext', 'CalcAlg': '1', 'BlockAlg': '0 No Algorithm'}",
2457,020MG221M01_MAINT_MH,"Maintenance, h","Техобслуживание, ч",991_Maintenance,"{'PLCNo': '991', 'FC': 0, 'Input': {'Type': None, 'Block': 6078, 'Word': 2, 'Bit': 0}, 'Output': {'Type': None, 'Block': 0, 'Word': 0, 'Bit': 0}}",%DB6078.DBD2,"{'ConvAlg': '4 Int/Ext', 'CalcAlg': '1', 'BlockAlg': '0 No Algorithm'}",
2608,010GG032U01_MAINT_MH,"Maintenance, h","Техобслуживание, ч",991_Maintenance,"{'PLCNo': '990', 'FC': 0, 'Input': {'Type': None, 'Block': 6000, 'Word': 2, 'Bit': 0}, 'Output': {'Type': None, 'Block': 0, 'Word': 0, 'Bit': 0}}",%DB6000.DBD2,"{'ConvAlg': '4 Int/Ext', 'CalcAlg': '1', 'BlockAlg': '0 No Algorithm'}",
2610,030VS160U01_MAINT_MH,"Maintenance, h","Техобслуживание, ч",991_Maintenance,"{'PLCNo': '991', 'FC': 0, 'Input': {'Type': None, 'Block': 6001, 'Word': 2, 'Bit': 0}, 'Output': {'Type': None, 'Block': 0, 'Word': 0, 'Bit': 0}}",%DB6001.DBD2,"{'ConvAlg': '4 Int/Ext', 'CalcAlg': '1', 'BlockAlg': '0 No Algorithm'}",
2612,030VS161M01_MAINT_MH,"Maintenance, h","Техобслуживание, ч",991_Maintenance,"{'PLCNo': '991', 'FC': 0, 'Input': {'Type': None, 'Block': 6002, 'Word': 2, 'Bit': 0}, 'Output': {'Type': None, 'Block': 0, 'Word': 0, 'Bit': 0}}",%DB6002.DBD2,"{'ConvAlg': '4 Int/Ext', 'CalcAlg': '1', 'BlockAlg': '0 No Algorithm'}",
2614,010BC011M01_MAINT_MH,"Maintenance, h","Техобслуживание, ч",991_Maintenance,"{'PLCNo': '990', 'FC': 0, 'Input': {'Type': None, 'Block': 6003, 'Word': 2, 'Bit': 0}, 'Output': {'Type': None, 'Block': 0, 'Word': 0, 'Bit': 0}}",%DB6003.DBD2,"{'ConvAlg': '4 Int/Ext', 'CalcAlg': '1', 'BlockAlg': '0 No Algorithm'}",
2616,010BC012U01_MAINT_MH,"Maintenance, h","Техобслуживание, ч",991_Maintenance,"{'PLCNo': '990', 'FC': 0, 'Input': {'Type': None, 'Block': 6004, 'Word': 2, 'Bit': 0}, 'Output': {'Type': None, 'Block': 0, 'Word': 0, 'Bit': 0}}",%DB6004.DBD2,"{'ConvAlg': '4 Int/Ext', 'CalcAlg': '1', 'BlockAlg': '0 No Algorithm'}",
2618,010BC015U01_MAINT_MH,"Maintenance, h","Техобслуживание, ч",991_Maintenance,"{'PLCNo': '991', 'FC': 0, 'Input': {'Type': None, 'Block': 6005, 'Word': 2, 'Bit': 0}, 'Output': {'Type': None, 'Block': 0, 'Word': 0, 'Bit': 0}}",%DB6005.DBD2,"{'ConvAlg': '4 Int/Ext', 'CalcAlg': '1', 'BlockAlg': '0 No Algorithm'}",
2620,020BC021U01_MAINT_MH,"Maintenance, h","Техобслуживание, ч",991_Maintenance,"{'PLCNo': '991', 'FC': 0, 'Input': {'Type': None, 'Block': 6006, 'Word': 2, 'Bit': 0}, 'Output': {'Type': None, 'Block': 0, 'Word': 0, 'Bit': 0}}",%DB6006.DBD2,"{'ConvAlg': '4 Int/Ext', 'CalcAlg': '1', 'BlockAlg': '0 No Algorithm'}",
2622,020BC022U01_MAINT_MH,"Maintenance, h","Техобслуживание, ч",991_Maintenance,"{'PLCNo': '991', 'FC': 0, 'Input': {'Type': None, 'Block': 6007, 'Word': 2, 'Bit': 0}, 'Output': {'Type': None, 'Block': 0, 'Word': 0, 'Bit': 0}}",%DB6007.DBD2,"{'ConvAlg': '4 Int/Ext', 'CalcAlg': '1', 'BlockAlg': '0 No Algorithm'}",
2624,020BC023U01_MAINT_MH,"Maintenance, h","Техобслуживание, ч",991_Maintenance,"{'PLCNo': '991', 'FC': 0, 'Input': {'Type': None, 'Block': 6008, 'Word': 2, 'Bit': 0}, 'Output': {'Type': None, 'Block': 0, 'Word': 0, 'Bit': 0}}",%DB6008.DBD2,"{'ConvAlg': '4 Int/Ext', 'CalcAlg': '1', 'BlockAlg': '0 No Algorithm'}",
2626,020SP140U01_MAINT_MH,"Maintenance, h","Техобслуживание, ч",991_Maintenance,"{'PLCNo': '991', 'FC': 0, 'Input': {'Type': None, 'Block': 6009, 'Word': 2, 'Bit': 0}, 'Output': {'Type': None, 'Block': 0, 'Word': 0, 'Bit': 0}}",%DB6009.DBD2,"{'ConvAlg': '4 Int/Ext', 'CalcAlg': '1', 'BlockAlg': '0 No Algorithm'}",
2628,020SP141U01_MAINT_MH,"Maintenance, h","Техобслуживание, ч",991_Maintenance,"{'PLCNo': '991', 'FC': 0, 'Input': {'Type': None, 'Block': 6010, 'Word': 2, 'Bit': 0}, 'Output': {'Type': None, 'Block': 0, 'Word': 0, 'Bit': 0}}",%DB6010.DBD2,"{'ConvAlg': '4 Int/Ext', 'CalcAlg': '1', 'BlockAlg': '0 No Algorithm'}",
2630,020SP142U01_MAINT_MH,"Maintenance, h","Техобслуживание, ч",991_Maintenance,"{'PLCNo': '991', 'FC': 0, 'Input': {'Type': None, 'Block': 6011, 'Word': 2, 'Bit': 0}, 'Output': {'Type': None, 'Block': 0, 'Word': 0, 'Bit': 0}}",%DB6011.DBD2,"{'ConvAlg': '4 Int/Ext', 'CalcAlg': '1', 'BlockAlg': '0 No Algorithm'}",
2632,030SP180U01_MAINT_MH,"Maintenance, h","Техобслуживание, ч",991_Maintenance,"{'PLCNo': '991', 'FC': 0, 'Input': {'Type': None, 'Block': 6012, 'Word': 2, 'Bit': 0}, 'Output': {'Type': None, 'Block': 0, 'Word': 0, 'Bit': 0}}",%DB6012.DBD2,"{'ConvAlg': '4 Int/Ext', 'CalcAlg': '1', 'BlockAlg': '0 No Algorithm'}",
2634,030SP181U01_MAINT_MH,"Maintenance, h","Техобслуживание, ч",991_Maintenance,"{'PLCNo': '991', 'FC': 0, 'Input': {'Type': None, 'Block': 6013, 'Word': 2, 'Bit': 0}, 'Output': {'Type': None, 'Block': 0, 'Word': 0, 'Bit': 0}}",%DB6013.DBD2,"{'ConvAlg': '4 Int/Ext', 'CalcAlg': '1', 'BlockAlg': '0 No Algorithm'}",
2636,030SP182U01_MAINT_MH,"Maintenance, h","Техобслуживание, ч",991_Maintenance,"{'PLCNo': '991', 'FC': 0, 'Input': {'Type': None, 'Block': 6014, 'Word': 2, 'Bit': 0}, 'Output': {'Type': None, 'Block': 0, 'Word': 0, 'Bit': 0}}",%DB6014.DBD2,"{'ConvAlg': '4 Int/Ext', 'CalcAlg': '1', 'BlockAlg': '0 No Algorithm'}",
2638,020SP840U01_MAINT_MH,"Maintenance, h","Техобслуживание, ч",991_Maintenance,"{'PLCNo': '991', 'FC': 0, 'Input': {'Type': None, 'Block': 6015, 'Word': 2, 'Bit': 0}, 'Output': {'Type': None, 'Block': 0, 'Word': 0, 'Bit': 0}}",%DB6015.DBD2,"{'ConvAlg': '4 Int/Ext', 'CalcAlg': '1', 'BlockAlg': '0 No Algorithm'}",
2640,020SP841U01_MAINT_MH,"Maintenance, h","Техобслуживание, ч",991_Maintenance,"{'PLCNo': '991', 'FC': 0, 'Input': {'Type': None, 'Block': 6016, 'Word': 2, 'Bit': 0}, 'Output': {'Type': None, 'Block': 0, 'Word': 0, 'Bit': 0}}",%DB6016.DBD2,"{'ConvAlg': '4 Int/Ext', 'CalcAlg': '1', 'BlockAlg': '0 No Algorithm'}",
2642,020SP842U01_MAINT_MH,"Maintenance, h","Техобслуживание, ч",991_Maintenance,"{'PLCNo': '991', 'FC': 0, 'Input': {'Type': None, 'Block': 6017, 'Word': 2, 'Bit': 0}, 'Output': {'Type': None, 'Block': 0, 'Word': 0, 'Bit': 0}}",%DB6017.DBD2,"{'ConvAlg': '4 Int/Ext', 'CalcAlg': '1', 'BlockAlg': '0 No Algorithm'}",
2644,020SP843U01_MAINT_MH,"Maintenance, h","Техобслуживание, ч",991_Maintenance,"{'PLCNo': '991', 'FC': 0, 'Input': {'Type': None, 'Block': 6018, 'Word': 2, 'Bit': 0}, 'Output': {'Type': None, 'Block': 0, 'Word': 0, 'Bit': 0}}",%DB6018.DBD2,"{'ConvAlg': '4 Int/Ext', 'CalcAlg': '1', 'BlockAlg': '0 No Algorithm'}",
2646,060SP355U01_MAINT_MH,"Maintenance, h","Техобслуживание, ч",991_Maintenance,"{'PLCNo': '991', 'FC': 0, 'Input': {'Type': None, 'Block': 6019, 'Word': 2, 'Bit': 0}, 'Output': {'Type': None, 'Block': 0, 'Word': 0, 'Bit': 0}}",%DB6019.DBD2,"{'ConvAlg': '4 Int/Ext', 'CalcAlg': '1', 'BlockAlg': '0 No Algorithm'}",
2648,060SP356U01_MAINT_MH,"Maintenance, h","Техобслуживание, ч",991_Maintenance,"{'PLCNo': '991', 'FC': 0, 'Input': {'Type': None, 'Block': 6020, 'Word': 2, 'Bit': 0}, 'Output': {'Type': None, 'Block': 0, 'Word': 0, 'Bit': 0}}",%DB6020.DBD2,"{'ConvAlg': '4 Int/Ext', 'CalcAlg': '1', 'BlockAlg': '0 No Algorithm'}",
2650,350SP860U01_MAINT_MH,"Maintenance, h","Техобслуживание, ч",992_Maintenance,"{'PLCNo': '992', 'FC': 0, 'Input': {'Type': None, 'Block': 6000, 'Word': 2, 'Bit': 0}, 'Output': {'Type': None, 'Block': 0, 'Word': 0, 'Bit': 0}}",%DB6000.DBD2,"{'ConvAlg': '4 Int/Ext', 'CalcAlg': '1', 'BlockAlg': '0 No Algorithm'}",
2652,060SP350U01_MAINT_MH,"Maintenance, h","Техобслуживание, ч",991_Maintenance,"{'PLCNo': '991', 'FC': 0, 'Input': {'Type': None, 'Block': 6021, 'Word': 2, 'Bit': 0}, 'Output': {'Type': None, 'Block': 0, 'Word': 0, 'Bit': 0}}",%DB6021.DBD2,"{'ConvAlg': '4 Int/Ext', 'CalcAlg': '1', 'BlockAlg': '0 No Algorithm'}",
2654,060SP354U01_MAINT_MH,"Maintenance, h","Техобслуживание, ч",991_Maintenance,"{'PLCNo': '991', 'FC': 0, 'Input': {'Type': None, 'Block': 6022, 'Word': 2, 'Bit': 0}, 'Output': {'Type': None, 'Block': 0, 'Word': 0, 'Bit': 0}}",%DB6022.DBD2,"{'ConvAlg': '4 Int/Ext', 'CalcAlg': '1', 'BlockAlg': '0 No Algorithm'}",
2656,060SP351U01_MAINT_MH,"Maintenance, h","Техобслуживание, ч",991_Maintenance,"{'PLCNo': '991', 'FC': 0, 'Input': {'Type': None, 'Block': 6023, 'Word': 2, 'Bit': 0}, 'Output': {'Type': None, 'Block': 0, 'Word': 0, 'Bit': 0}}",%DB6023.DBD2,"{'ConvAlg': '4 Int/Ext', 'CalcAlg': '1', 'BlockAlg': '0 No Algorithm'}",
2658,060SP352U01_MAINT_MH,"Maintenance, h","Техобслуживание, ч",991_Maintenance,"{'PLCNo': '991', 'FC': 0, 'Input': {'Type': None, 'Block': 6024, 'Word': 2, 'Bit': 0}, 'Output': {'Type': None, 'Block': 0, 'Word': 0, 'Bit': 0}}",%DB6024.DBD2,"{'ConvAlg': '4 Int/Ext', 'CalcAlg': '1', 'BlockAlg': '0 No Algorithm'}",
2660,060SP357U01_MAINT_MH,"Maintenance, h","Техобслуживание, ч",991_Maintenance,"{'PLCNo': '991', 'FC': 0, 'Input': {'Type': None, 'Block': 6025, 'Word': 2, 'Bit': 0}, 'Output': {'Type': None, 'Block': 0, 'Word': 0, 'Bit': 0}}",%DB6025.DBD2,"{'ConvAlg': '4 Int/Ext', 'CalcAlg': '1', 'BlockAlg': '0 No Algorithm'}",
2662,050PU270U01_MAINT_MH,"Maintenance, h","Техобслуживание, ч",991_Maintenance,"{'PLCNo': '991', 'FC': 0, 'Input': {'Type': None, 'Block': 6026, 'Word': 2, 'Bit': 0}, 'Output': {'Type': None, 'Block': 0, 'Word': 0, 'Bit': 0}}",%DB6026.DBD2,"{'ConvAlg': '4 Int/Ext', 'CalcAlg': '1', 'BlockAlg': '0 No Algorithm'}",
2664,050PU271U01_MAINT_MH,"Maintenance, h","Техобслуживание, ч",991_Maintenance,"{'PLCNo': '991', 'FC': 0, 'Input': {'Type': None, 'Block': 6027, 'Word': 2, 'Bit': 0}, 'Output': {'Type': None, 'Block': 0, 'Word': 0, 'Bit': 0}}",%DB6027.DBD2,"{'ConvAlg': '4 Int/Ext', 'CalcAlg': '1', 'BlockAlg': '0 No Algorithm'}",
2666,050PU273U01_MAINT_MH,"Maintenance, h","Техобслуживание, ч",991_Maintenance,"{'PLCNo': '991', 'FC': 0, 'Input': {'Type': None, 'Block': 6028, 'Word': 2, 'Bit': 0}, 'Output': {'Type': None, 'Block': 0, 'Word': 0, 'Bit': 0}}",%DB6028.DBD2,"{'ConvAlg': '4 Int/Ext', 'CalcAlg': '1', 'BlockAlg': '0 No Algorithm'}",
2668,050AG280M01_MAINT_MH,"Maintenance, h","Техобслуживание, ч",991_Maintenance,"{'PLCNo': '991', 'FC': 0, 'Input': {'Type': None, 'Block': 6029, 'Word': 2, 'Bit': 0}, 'Output': {'Type': None, 'Block': 0, 'Word': 0, 'Bit': 0}}",%DB6029.DBD2,"{'ConvAlg': '4 Int/Ext', 'CalcAlg': '1', 'BlockAlg': '0 No Algorithm'}",
2670,050AG281M01_MAINT_MH,"Maintenance, h","Техобслуживание, ч",991_Maintenance,"{'PLCNo': '991', 'FC': 0, 'Input': {'Type': None, 'Block': 6030, 'Word': 2, 'Bit': 0}, 'Output': {'Type': None, 'Block': 0, 'Word': 0, 'Bit': 0}}",%DB6030.DBD2,"{'ConvAlg': '4 Int/Ext', 'CalcAlg': '1', 'BlockAlg': '0 No Algorithm'}",
2672,050FL230M01_MAINT_MH,"Maintenance, h","Техобслуживание, ч",991_Maintenance,"{'PLCNo': '991', 'FC': 0, 'Input': {'Type': None, 'Block': 6031, 'Word': 2, 'Bit': 0}, 'Output': {'Type': None, 'Block': 0, 'Word': 0, 'Bit': 0}}",%DB6031.DBD2,"{'ConvAlg': '4 Int/Ext', 'CalcAlg': '1', 'BlockAlg': '0 No Algorithm'}",
2674,050FL230M02_MAINT_MH,"Maintenance, h","Техобслуживание, ч",991_Maintenance,"{'PLCNo': '991', 'FC': 0, 'Input': {'Type': None, 'Block': 6032, 'Word': 2, 'Bit': 0}, 'Output': {'Type': None, 'Block': 0, 'Word': 0, 'Bit': 0}}",%DB6032.DBD2,"{'ConvAlg': '4 Int/Ext', 'CalcAlg': '1', 'BlockAlg': '0 No Algorithm'}",
2676,050FL230M03_MAINT_MH,"Maintenance, h","Техобслуживание, ч",991_Maintenance,"{'PLCNo': '991', 'FC': 0, 'Input': {'Type': None, 'Block': 6033, 'Word': 2, 'Bit': 0}, 'Output': {'Type': None, 'Block': 0, 'Word': 0, 'Bit': 0}}",%DB6033.DBD2,"{'ConvAlg': '4 Int/Ext', 'CalcAlg': '1', 'BlockAlg': '0 No Algorithm'}",
2678,050FL230M04_MAINT_MH,"Maintenance, h","Техобслуживание, ч",991_Maintenance,"{'PLCNo': '991', 'FC': 0, 'Input': {'Type': None, 'Block': 6034, 'Word': 2, 'Bit': 0}, 'Output': {'Type': None, 'Block': 0, 'Word': 0, 'Bit': 0}}",%DB6034.DBD2,"{'ConvAlg': '4 Int/Ext', 'CalcAlg': '1', 'BlockAlg': '0 No Algorithm'}",
2680,050FL230M05_MAINT_MH,"Maintenance, h","Техобслуживание, ч",991_Maintenance,"{'PLCNo': '991', 'FC': 0, 'Input': {'Type': None, 'Block': 6035, 'Word': 2, 'Bit': 0}, 'Output': {'Type': None, 'Block': 0, 'Word': 0, 'Bit': 0}}",%DB6035.DBD2,"{'ConvAlg': '4 Int/Ext', 'CalcAlg': '1', 'BlockAlg': '0 No Algorithm'}",
2682,050FL230M06_MAINT_MH,"Maintenance, h","Техобслуживание, ч",991_Maintenance,"{'PLCNo': '991', 'FC': 0, 'Input': {'Type': None, 'Block': 6036, 'Word': 2, 'Bit': 0}, 'Output': {'Type': None, 'Block': 0, 'Word': 0, 'Bit': 0}}",%DB6036.DBD2,"{'ConvAlg': '4 Int/Ext', 'CalcAlg': '1', 'BlockAlg': '0 No Algorithm'}",
2684,050FL235M01_MAINT_MH,"Maintenance, h","Техобслуживание, ч",991_Maintenance,"{'PLCNo': '991', 'FC': 0, 'Input': {'Type': None, 'Block': 6037, 'Word': 2, 'Bit': 0}, 'Output': {'Type': None, 'Block': 0, 'Word': 0, 'Bit': 0}}",%DB6037.DBD2,"{'ConvAlg': '4 Int/Ext', 'CalcAlg': '1', 'BlockAlg': '0 No Algorithm'}",
2686,050FL235M02_MAINT_MH,"Maintenance, h","Техобслуживание, ч",991_Maintenance,"{'PLCNo': '991', 'FC': 0, 'Input': {'Type': None, 'Block': 6038, 'Word': 2, 'Bit': 0}, 'Output': {'Type': None, 'Block': 0, 'Word': 0, 'Bit': 0}}",%DB6038.DBD2,"{'ConvAlg': '4 Int/Ext', 'CalcAlg': '1', 'BlockAlg': '0 No Algorithm'}",
2688,050FL235M03_MAINT_MH,"Maintenance, h","Техобслуживание, ч",991_Maintenance,"{'PLCNo': '991', 'FC': 0, 'Input': {'Type': None, 'Block': 6039, 'Word': 2, 'Bit': 0}, 'Output': {'Type': None, 'Block': 0, 'Word': 0, 'Bit': 0}}",%DB6039.DBD2,"{'ConvAlg': '4 Int/Ext', 'CalcAlg': '1', 'BlockAlg': '0 No Algorithm'}",
2690,050FL235M04_MAINT_MH,"Maintenance, h","Техобслуживание, ч",991_Maintenance,"{'PLCNo': '991', 'FC': 0, 'Input': {'Type': None, 'Block': 6040, 'Word': 2, 'Bit': 0}, 'Output': {'Type': None, 'Block': 0, 'Word': 0, 'Bit': 0}}",%DB6040.DBD2,"{'ConvAlg': '4 Int/Ext', 'CalcAlg': '1', 'BlockAlg': '0 No Algorithm'}",
2692,050FL235M05_MAINT_MH,"Maintenance, h","Техобслуживание, ч",991_Maintenance,"{'PLCNo': '991', 'FC': 0, 'Input': {'Type': None, 'Block': 6041, 'Word': 2, 'Bit': 0}, 'Output': {'Type': None, 'Block': 0, 'Word': 0, 'Bit': 0}}",%DB6041.DBD2,"{'ConvAlg': '4 Int/Ext', 'CalcAlg': '1', 'BlockAlg': '0 No Algorithm'}",
2694,050FL235M06_MAINT_MH,"Maintenance, h","Техобслуживание, ч",991_Maintenance,"{'PLCNo': '991', 'FC': 0, 'Input': {'Type': None, 'Block': 6042, 'Word': 2, 'Bit': 0}, 'Output': {'Type': None, 'Block': 0, 'Word': 0, 'Bit': 0}}",%DB6042.DBD2,"{'ConvAlg': '4 Int/Ext', 'CalcAlg': '1', 'BlockAlg': '0 No Algorithm'}",
2696,050FL260M01_MAINT_MH,"Maintenance, h","Техобслуживание, ч",991_Maintenance,"{'PLCNo': '991', 'FC': 0, 'Input': {'Type': None, 'Block': 6043, 'Word': 2, 'Bit': 0}, 'Output': {'Type': None, 'Block': 0, 'Word': 0, 'Bit': 0}}",%DB6043.DBD2,"{'ConvAlg': '4 Int/Ext', 'CalcAlg': '1', 'BlockAlg': '0 No Algorithm'}",
2698,050FL260M02_MAINT_MH,"Maintenance, h","Техобслуживание, ч",991_Maintenance,"{'PLCNo': '991', 'FC': 0, 'Input': {'Type': None, 'Block': 6044, 'Word': 2, 'Bit': 0}, 'Output': {'Type': None, 'Block': 0, 'Word': 0, 'Bit': 0}}",%DB6044.DBD2,"{'ConvAlg': '4 Int/Ext', 'CalcAlg': '1', 'BlockAlg': '0 No Algorithm'}",
2700,350SP861U01_MAINT_MH,"Maintenance, h","Техобслуживание, ч",992_Maintenance,"{'PLCNo': '992', 'FC': 0, 'Input': {'Type': None, 'Block': 6001, 'Word': 2, 'Bit': 0}, 'Output': {'Type': None, 'Block': 0, 'Word': 0, 'Bit': 0}}",%DB6001.DBD2,"{'ConvAlg': '4 Int/Ext', 'CalcAlg': '1', 'BlockAlg': '0 No Algorithm'}",
2702,050FL260M03_MAINT_MH,"Maintenance, h","Техобслуживание, ч",991_Maintenance,"{'PLCNo': '991', 'FC': 0, 'Input': {'Type': None, 'Block': 6045, 'Word': 2, 'Bit': 0}, 'Output': {'Type': None, 'Block': 0, 'Word': 0, 'Bit': 0}}",%DB6045.DBD2,"{'ConvAlg': '4 Int/Ext', 'CalcAlg': '1', 'BlockAlg': '0 No Algorithm'}",
2704,050FL260M04_MAINT_MH,"Maintenance, h","Техобслуживание, ч",991_Maintenance,"{'PLCNo': '991', 'FC': 0, 'Input': {'Type': None, 'Block': 6046, 'Word': 2, 'Bit': 0}, 'Output': {'Type': None, 'Block': 0, 'Word': 0, 'Bit': 0}}",%DB6046.DBD2,"{'ConvAlg': '4 Int/Ext', 'CalcAlg': '1', 'BlockAlg': '0 No Algorithm'}",
2706,050FL260M05_MAINT_MH,"Maintenance, h","Техобслуживание, ч",991_Maintenance,"{'PLCNo': '991', 'FC': 0, 'Input': {'Type': None, 'Block': 6047, 'Word': 2, 'Bit': 0}, 'Output': {'Type': None, 'Block': 0, 'Word': 0, 'Bit': 0}}",%DB6047.DBD2,"{'ConvAlg': '4 Int/Ext', 'CalcAlg': '1', 'BlockAlg': '0 No Algorithm'}",
2708,050FL260M06_MAINT_MH,"Maintenance, h","Техобслуживание, ч",991_Maintenance,"{'PLCNo': '991', 'FC': 0, 'Input': {'Type': None, 'Block': 6048, 'Word': 2, 'Bit': 0}, 'Output': {'Type': None, 'Block': 0, 'Word': 0, 'Bit': 0}}",%DB6048.DBD2,"{'ConvAlg': '4 Int/Ext', 'CalcAlg': '1', 'BlockAlg': '0 No Algorithm'}",
2710,050FL260M07_MAINT_MH,"Maintenance, h","Техобслуживание, ч",991_Maintenance,"{'PLCNo': '991', 'FC': 0, 'Input': {'Type': None, 'Block': 6049, 'Word': 2, 'Bit': 0}, 'Output': {'Type': None, 'Block': 0, 'Word': 0, 'Bit': 0}}",%DB6049.DBD2,"{'ConvAlg': '4 Int/Ext', 'CalcAlg': '1', 'BlockAlg': '0 No Algorithm'}",
2712,060TN340A01_MAINT_MH,"Maintenance, h","Техобслуживание, ч",991_Maintenance,"{'PLCNo': '991', 'FC': 0, 'Input': {'Type': None, 'Block': 6050, 'Word': 2, 'Bit': 0}, 'Output': {'Type': None, 'Block': 0, 'Word': 0, 'Bit': 0}}",%DB6050.DBD2,"{'ConvAlg': '4 Int/Ext', 'CalcAlg': '1', 'BlockAlg': '0 No Algorithm'}",
2714,350SP862U01_MAINT_MH,"Maintenance, h","Техобслуживание, ч",992_Maintenance,"{'PLCNo': '992', 'FC': 0, 'Input': {'Type': None, 'Block': 6002, 'Word': 2, 'Bit': 0}, 'Output': {'Type': None, 'Block': 0, 'Word': 0, 'Bit': 0}}",%DB6002.DBD2,"{'ConvAlg': '4 Int/Ext', 'CalcAlg': '1', 'BlockAlg': '0 No Algorithm'}",
2716,350SP863U01_MAINT_MH,"Maintenance, h","Техобслуживание, ч",992_Maintenance,"{'PLCNo': '992', 'FC': 0, 'Input': {'Type': None, 'Block': 6003, 'Word': 2, 'Bit': 0}, 'Output': {'Type': None, 'Block': 0, 'Word': 0, 'Bit': 0}}",%DB6003.DBD2,"{'ConvAlg': '4 Int/Ext', 'CalcAlg': '1', 'BlockAlg': '0 No Algorithm'}",
2718,350SP866U01_MAINT_MH,"Maintenance, h","Техобслуживание, ч",992_Maintenance,"{'PLCNo': '992', 'FC': 0, 'Input': {'Type': None, 'Block': 6004, 'Word': 2, 'Bit': 0}, 'Output': {'Type': None, 'Block': 0, 'Word': 0, 'Bit': 0}}",%DB6004.DBD2,"{'ConvAlg': '4 Int/Ext', 'CalcAlg': '1', 'BlockAlg': '0 No Algorithm'}",
2720,350SP867U01_MAINT_MH,"Maintenance, h","Техобслуживание, ч",992_Maintenance,"{'PLCNo': '992', 'FC': 0, 'Input': {'Type': None, 'Block': 6005, 'Word': 2, 'Bit': 0}, 'Output': {'Type': None, 'Block': 0, 'Word': 0, 'Bit': 0}}",%DB6005.DBD2,"{'ConvAlg': '4 Int/Ext', 'CalcAlg': '1', 'BlockAlg': '0 No Algorithm'}",
2722,350SP870U01_MAINT_MH,"Maintenance, h","Техобслуживание, ч",992_Maintenance,"{'PLCNo': '992', 'FC': 0, 'Input': {'Type': None, 'Block': 6006, 'Word': 2, 'Bit': 0}, 'Output': {'Type': None, 'Block': 0, 'Word': 0, 'Bit': 0}}",%DB6006.DBD2,"{'ConvAlg': '4 Int/Ext', 'CalcAlg': '1', 'BlockAlg': '0 No Algorithm'}",
2724,350SP871U01_MAINT_MH,"Maintenance, h","Техобслуживание, ч",992_Maintenance,"{'PLCNo': '992', 'FC': 0, 'Input': {'Type': None, 'Block': 6007, 'Word': 2, 'Bit': 0}, 'Output': {'Type': None, 'Block': 0, 'Word': 0, 'Bit': 0}}",%DB6007.DBD2,"{'ConvAlg': '4 Int/Ext', 'CalcAlg': '1', 'BlockAlg': '0 No Algorithm'}",
2726,080AG490M01_MAINT_MH,"Maintenance, h","Техобслуживание, ч",992_Maintenance,"{'PLCNo': '992', 'FC': 0, 'Input': {'Type': None, 'Block': 6008, 'Word': 2, 'Bit': 0}, 'Output': {'Type': None, 'Block': 0, 'Word': 0, 'Bit': 0}}",%DB6008.DBD2,"{'ConvAlg': '4 Int/Ext', 'CalcAlg': '1', 'BlockAlg': '0 No Algorithm'}",
2728,080AG491M01_MAINT_MH,"Maintenance, h","Техобслуживание, ч",992_Maintenance,"{'PLCNo': '992', 'FC': 0, 'Input': {'Type': None, 'Block': 6009, 'Word': 2, 'Bit': 0}, 'Output': {'Type': None, 'Block': 0, 'Word': 0, 'Bit': 0}}",%DB6009.DBD2,"{'ConvAlg': '4 Int/Ext', 'CalcAlg': '1', 'BlockAlg': '0 No Algorithm'}",
2730,080AG500M01_MAINT_MH,"Maintenance, h","Техобслуживание, ч",992_Maintenance,"{'PLCNo': '992', 'FC': 0, 'Input': {'Type': None, 'Block': 6010, 'Word': 2, 'Bit': 0}, 'Output': {'Type': None, 'Block': 0, 'Word': 0, 'Bit': 0}}",%DB6010.DBD2,"{'ConvAlg': '4 Int/Ext', 'CalcAlg': '1', 'BlockAlg': '0 No Algorithm'}",
2732,080AG501M01_MAINT_MH,"Maintenance, h","Техобслуживание, ч",992_Maintenance,"{'PLCNo': '992', 'FC': 0, 'Input': {'Type': None, 'Block': 6011, 'Word': 2, 'Bit': 0}, 'Output': {'Type': None, 'Block': 0, 'Word': 0, 'Bit': 0}}",%DB6011.DBD2,"{'ConvAlg': '4 Int/Ext', 'CalcAlg': '1', 'BlockAlg': '0 No Algorithm'}",
2734,080AG502M01_MAINT_MH,"Maintenance, h","Техобслуживание, ч",992_Maintenance,"{'PLCNo': '992', 'FC': 0, 'Input': {'Type': None, 'Block': 6012, 'Word': 2, 'Bit': 0}, 'Output': {'Type': None, 'Block': 0, 'Word': 0, 'Bit': 0}}",%DB6012.DBD2,"{'ConvAlg': '4 Int/Ext', 'CalcAlg': '1', 'BlockAlg': '0 No Algorithm'}",
2736,080AG503M01_MAINT_MH,"Maintenance, h","Техобслуживание, ч",992_Maintenance,"{'PLCNo': '992', 'FC': 0, 'Input': {'Type': None, 'Block': 6013, 'Word': 2, 'Bit': 0}, 'Output': {'Type': None, 'Block': 0, 'Word': 0, 'Bit': 0}}",%DB6013.DBD2,"{'ConvAlg': '4 Int/Ext', 'CalcAlg': '1', 'BlockAlg': '0 No Algorithm'}",
2738,080AG504M01_MAINT_MH,"Maintenance, h","Техобслуживание, ч",992_Maintenance,"{'PLCNo': '992', 'FC': 0, 'Input': {'Type': None, 'Block': 6014, 'Word': 2, 'Bit': 0}, 'Output': {'Type': None, 'Block': 0, 'Word': 0, 'Bit': 0}}",%DB6014.DBD2,"{'ConvAlg': '4 Int/Ext', 'CalcAlg': '1', 'BlockAlg': '0 No Algorithm'}",
2740,080AG505M01_MAINT_MH,"Maintenance, h","Техобслуживание, ч",992_Maintenance,"{'PLCNo': '992', 'FC': 0, 'Input': {'Type': None, 'Block': 6015, 'Word': 2, 'Bit': 0}, 'Output': {'Type': None, 'Block': 0, 'Word': 0, 'Bit': 0}}",%DB6015.DBD2,"{'ConvAlg': '4 Int/Ext', 'CalcAlg': '1', 'BlockAlg': '0 No Algorithm'}",
2742,080AG506M01_MAINT_MH,"Maintenance, h","Техобслуживание, ч",992_Maintenance,"{'PLCNo': '992', 'FC': 0, 'Input': {'Type': None, 'Block': 6016, 'Word': 2, 'Bit': 0}, 'Output': {'Type': None, 'Block': 0, 'Word': 0, 'Bit': 0}}",%DB6016.DBD2,"{'ConvAlg': '4 Int/Ext', 'CalcAlg': '1', 'BlockAlg': '0 No Algorithm'}",
2744,080AG507M01_MAINT_MH,"Maintenance, h","Техобслуживание, ч",992_Maintenance,"{'PLCNo': '992', 'FC': 0, 'Input': {'Type': None, 'Block': 6017, 'Word': 2, 'Bit': 0}, 'Output': {'Type': None, 'Block': 0, 'Word': 0, 'Bit': 0}}",%DB6017.DBD2,"{'ConvAlg': '4 Int/Ext', 'CalcAlg': '1', 'BlockAlg': '0 No Algorithm'}",
2746,350AG900M01_MAINT_MH,"Maintenance, h","Техобслуживание, ч",992_Maintenance,"{'PLCNo': '992', 'FC': 0, 'Input': {'Type': None, 'Block': 6018, 'Word': 2, 'Bit': 0}, 'Output': {'Type': None, 'Block': 0, 'Word': 0, 'Bit': 0}}",%DB6018.DBD2,"{'ConvAlg': '4 Int/Ext', 'CalcAlg': '1', 'BlockAlg': '0 No Algorithm'}",
2748,350AG901M01_MAINT_MH,"Maintenance, h","Техобслуживание, ч",992_Maintenance,"{'PLCNo': '992', 'FC': 0, 'Input': {'Type': None, 'Block': 6019, 'Word': 2, 'Bit': 0}, 'Output': {'Type': None, 'Block': 0, 'Word': 0, 'Bit': 0}}",%DB6019.DBD2,"{'ConvAlg': '4 Int/Ext', 'CalcAlg': '1', 'BlockAlg': '0 No Algorithm'}",
2750,350AG902M01_MAINT_MH,"Maintenance, h","Техобслуживание, ч",992_Maintenance,"{'PLCNo': '992', 'FC': 0, 'Input': {'Type': None, 'Block': 6020, 'Word': 2, 'Bit': 0}, 'Output': {'Type': None, 'Block': 0, 'Word': 0, 'Bit': 0}}",%DB6020.DBD2,"{'ConvAlg': '4 Int/Ext', 'CalcAlg': '1', 'BlockAlg': '0 No Algorithm'}",
2752,350AG903M01_MAINT_MH,"Maintenance, h","Техобслуживание, ч",992_Maintenance,"{'PLCNo': '992', 'FC': 0, 'Input': {'Type': None, 'Block': 6021, 'Word': 2, 'Bit': 0}, 'Output': {'Type': None, 'Block': 0, 'Word': 0, 'Bit': 0}}",%DB6021.DBD2,"{'ConvAlg': '4 Int/Ext', 'CalcAlg': '1', 'BlockAlg': '0 No Algorithm'}",
2754,350AG904M01_MAINT_MH,"Maintenance, h","Техобслуживание, ч",992_Maintenance,"{'PLCNo': '992', 'FC': 0, 'Input': {'Type': None, 'Block': 6022, 'Word': 2, 'Bit': 0}, 'Output': {'Type': None, 'Block': 0, 'Word': 0, 'Bit': 0}}",%DB6022.DBD2,"{'ConvAlg': '4 Int/Ext', 'CalcAlg': '1', 'BlockAlg': '0 No Algorithm'}",
2756,350AG905M01_MAINT_MH,"Maintenance, h","Техобслуживание, ч",992_Maintenance,"{'PLCNo': '992', 'FC': 0, 'Input': {'Type': None, 'Block': 6023, 'Word': 2, 'Bit': 0}, 'Output': {'Type': None, 'Block': 0, 'Word': 0, 'Bit': 0}}",%DB6023.DBD2,"{'ConvAlg': '4 Int/Ext', 'CalcAlg': '1', 'BlockAlg': '0 No Algorithm'}",
2758,080TN450A01_MAINT_1_MH,"Maintenance, h","Техобслуживание, ч",992_Maintenance,"{'PLCNo': '992', 'FC': 0, 'Input': {'Type': None, 'Block': 6024, 'Word': 2, 'Bit': 0}, 'Output': {'Type': None, 'Block': 0, 'Word': 0, 'Bit': 0}}",%DB6024.DBD2,"{'ConvAlg': '4 Int/Ext', 'CalcAlg': '1', 'BlockAlg': '0 No Algorithm'}",
2760,080TN590A01_MAINT_1_MH,"Maintenance, h","Техобслуживание, ч",992_Maintenance,"{'PLCNo': '992', 'FC': 0, 'Input': {'Type': None, 'Block': 6026, 'Word': 2, 'Bit': 0}, 'Output': {'Type': None, 'Block': 0, 'Word': 0, 'Bit': 0}}",%DB6026.DBD2,"{'ConvAlg': '4 Int/Ext', 'CalcAlg': '1', 'BlockAlg': '0 No Algorithm'}",
2762,080TN450A01_MAINT_2_MH,"Maintenance, h","Техобслуживание, ч",992_Maintenance,"{'PLCNo': '992', 'FC': 0, 'Input': {'Type': None, 'Block': 6024, 'Word': 14, 'Bit': 0}, 'Output': {'Type': None, 'Block': 0, 'Word': 0, 'Bit': 0}}",%DB6024.DBD14,"{'ConvAlg': '4 Int/Ext', 'CalcAlg': '1', 'BlockAlg': '0 No Algorithm'}",
2764,080TN590A01_MAINT_2_MH,"Maintenance, h","Техобслуживание, ч",992_Maintenance,"{'PLCNo': '992', 'FC': 0, 'Input': {'Type': None, 'Block': 6026, 'Word': 14, 'Bit': 0}, 'Output': {'Type': None, 'Block': 0, 'Word': 0, 'Bit': 0}}",%DB6026.DBD14,"{'ConvAlg': '4 Int/Ext', 'CalcAlg': '1', 'BlockAlg': '0 No Algorithm'}",
2777,020ML060A01_MAINT18_MH,"Maintenance, h","Техобслуживание, ч",991_Maintenance,"{'PLCNo': '991', 'FC': 0, 'Input': {'Type': None, 'Block': 6705, 'Word': 6, 'Bit': 0}, 'Output': {'Type': None, 'Block': 0, 'Word': 0, 'Bit': 0}}",%DB6705.DBD6,"{'ConvAlg': '4 Int/Ext', 'CalcAlg': '1', 'BlockAlg': '0 No Algorithm'}",
2784,090KL645A01S03_MAINT_MH,"Maintenance, h","Техобслуживание, ч",992_Maintenance,"{'PLCNo': '992', 'FC': 0, 'Input': {'Type': None, 'Block': 6028, 'Word': 2, 'Bit': 0}, 'Output': {'Type': None, 'Block': 0, 'Word': 0, 'Bit': 0}}",%DB6028.DBD2,"{'ConvAlg': '4 Int/Ext', 'CalcAlg': '1', 'BlockAlg': '0 No Algorithm'}",
2808,020ML060A01_MAINT2_MH,"Maintenance, h","Техобслуживание, ч",991_Maintenance,"{'PLCNo': '991', 'FC': 0, 'Input': {'Type': None, 'Block': 6701, 'Word': 6, 'Bit': 0}, 'Output': {'Type': None, 'Block': 0, 'Word': 0, 'Bit': 0}}",%DB6701.DBD6,"{'ConvAlg': '4 Int/Ext', 'CalcAlg': '1', 'BlockAlg': '0 No Algorithm'}",
2812,020ML060A01_MAINT4_MH,"Maintenance, h","Техобслуживание, ч",991_Maintenance,"{'PLCNo': '991', 'FC': 0, 'Input': {'Type': None, 'Block': 6701, 'Word': 14, 'Bit': 0}, 'Output': {'Type': None, 'Block': 0, 'Word': 0, 'Bit': 0}}",%DB6701.DBD14,"{'ConvAlg': '4 Int/Ext', 'CalcAlg': '1', 'BlockAlg': '0 No Algorithm'}",
2816,020ML060A01_MAINT6_MH,"Maintenance, h","Техобслуживание, ч",991_Maintenance,"{'PLCNo': '991', 'FC': 0, 'Input': {'Type': None, 'Block': 6702, 'Word': 6, 'Bit': 0}, 'Output': {'Type': None, 'Block': 0, 'Word': 0, 'Bit': 0}}",%DB6702.DBD6,"{'ConvAlg': '4 Int/Ext', 'CalcAlg': '1', 'BlockAlg': '0 No Algorithm'}",
2818,020ML060A01_MAINT7_MH,"Maintenance, h","Техобслуживание, ч",991_Maintenance,"{'PLCNo': '991', 'FC': 0, 'Input': {'Type': None, 'Block': 6702, 'Word': 10, 'Bit': 0}, 'Output': {'Type': None, 'Block': 0, 'Word': 0, 'Bit': 0}}",%DB6702.DBD10,"{'ConvAlg': '4 Int/Ext', 'CalcAlg': '1', 'BlockAlg': '0 No Algorithm'}",
2820,020ML060A01_MAINT8_MH,"Maintenance, h","Техобслуживание, ч",991_Maintenance,"{'PLCNo': '991', 'FC': 0, 'Input': {'Type': None, 'Block': 6702, 'Word': 14, 'Bit': 0}, 'Output': {'Type': None, 'Block': 0, 'Word': 0, 'Bit': 0}}",%DB6702.DBD14,"{'ConvAlg': '4 Int/Ext', 'CalcAlg': '1', 'BlockAlg': '0 No Algorithm'}",
2822,020ML060A01_MAINT9_MH,"Maintenance, h","Техобслуживание, ч",991_Maintenance,"{'PLCNo': '991', 'FC': 0, 'Input': {'Type': None, 'Block': 6703, 'Word': 2, 'Bit': 0}, 'Output': {'Type': None, 'Block': 0, 'Word': 0, 'Bit': 0}}",%DB6703.DBD2,"{'ConvAlg': '4 Int/Ext', 'CalcAlg': '1', 'BlockAlg': '0 No Algorithm'}",
2824,020ML060A01_MAINT10_MH,"Maintenance, h","Техобслуживание, ч",991_Maintenance,"{'PLCNo': '991', 'FC': 0, 'Input': {'Type': None, 'Block': 6703, 'Word': 6, 'Bit': 0}, 'Output': {'Type': None, 'Block': 0, 'Word': 0, 'Bit': 0}}",%DB6703.DBD6,"{'ConvAlg': '4 Int/Ext', 'CalcAlg': '1', 'BlockAlg': '0 No Algorithm'}",
2828,020BM110A01_MAINT1_MH,"Maintenance, h","Техобслуживание, ч",991_Maintenance,"{'PLCNo': '991', 'FC': 0, 'Input': {'Type': None, 'Block': 6801, 'Word': 2, 'Bit': 0}, 'Output': {'Type': None, 'Block': 0, 'Word': 0, 'Bit': 0}}",%DB6801.DBD2,"{'ConvAlg': '4 Int/Ext', 'CalcAlg': '1', 'BlockAlg': '0 No Algorithm'}",
2830,020BM110A01_MAINT2_MH,"Maintenance, h","Техобслуживание, ч",991_Maintenance,"{'PLCNo': '991', 'FC': 0, 'Input': {'Type': None, 'Block': 6801, 'Word': 6, 'Bit': 0}, 'Output': {'Type': None, 'Block': 0, 'Word': 0, 'Bit': 0}}",%DB6801.DBD6,"{'ConvAlg': '4 Int/Ext', 'CalcAlg': '1', 'BlockAlg': '0 No Algorithm'}",
2834,020BM110A01_MAINT4_MH,"Maintenance, h","Техобслуживание, ч",991_Maintenance,"{'PLCNo': '991', 'FC': 0, 'Input': {'Type': None, 'Block': 6801, 'Word': 14, 'Bit': 0}, 'Output': {'Type': None, 'Block': 0, 'Word': 0, 'Bit': 0}}",%DB6801.DBD14,"{'ConvAlg': '4 Int/Ext', 'CalcAlg': '1', 'BlockAlg': '0 No Algorithm'}",
2838,020BM110A01_MAINT6_MH,"Maintenance, h","Техобслуживание, ч",991_Maintenance,"{'PLCNo': '991', 'FC': 0, 'Input': {'Type': None, 'Block': 6802, 'Word': 6, 'Bit': 0}, 'Output': {'Type': None, 'Block': 0, 'Word': 0, 'Bit': 0}}",%DB6802.DBD6,"{'ConvAlg': '4 Int/Ext', 'CalcAlg': '1', 'BlockAlg': '0 No Algorithm'}",
2840,020BM110A01_MAINT7_MH,"Maintenance, h","Техобслуживание, ч",991_Maintenance,"{'PLCNo': '991', 'FC': 0, 'Input': {'Type': None, 'Block': 6802, 'Word': 10, 'Bit': 0}, 'Output': {'Type': None, 'Block': 0, 'Word': 0, 'Bit': 0}}",%DB6802.DBD10,"{'ConvAlg': '4 Int/Ext', 'CalcAlg': '1', 'BlockAlg': '0 No Algorithm'}",
2842,020BM110A01_MAINT8_MH,"Maintenance, h","Техобслуживание, ч",991_Maintenance,"{'PLCNo': '991', 'FC': 0, 'Input': {'Type': None, 'Block': 6802, 'Word': 14, 'Bit': 0}, 'Output': {'Type': None, 'Block': 0, 'Word': 0, 'Bit': 0}}",%DB6802.DBD14,"{'ConvAlg': '4 Int/Ext', 'CalcAlg': '1', 'BlockAlg': '0 No Algorithm'}",
2844,020BM110A01_MAINT9_MH,"Maintenance, h","Техобслуживание, ч",991_Maintenance,"{'PLCNo': '991', 'FC': 0, 'Input': {'Type': None, 'Block': 6803, 'Word': 2, 'Bit': 0}, 'Output': {'Type': None, 'Block': 0, 'Word': 0, 'Bit': 0}}",%DB6803.DBD2,"{'ConvAlg': '4 Int/Ext', 'CalcAlg': '1', 'BlockAlg': '0 No Algorithm'}",
2846,020BM110A01_MAINT10_MH,"Maintenance, h","Техобслуживание, ч",991_Maintenance,"{'PLCNo': '991', 'FC': 0, 'Input': {'Type': None, 'Block': 6803, 'Word': 6, 'Bit': 0}, 'Output': {'Type': None, 'Block': 0, 'Word': 0, 'Bit': 0}}",%DB6803.DBD6,"{'ConvAlg': '4 Int/Ext', 'CalcAlg': '1', 'BlockAlg': '0 No Algorithm'}",
2850,020BM120A01_MAINT1_MH,"Maintenance, h","Техобслуживание, ч",991_Maintenance,"{'PLCNo': '991', 'FC': 0, 'Input': {'Type': None, 'Block': 6901, 'Word': 2, 'Bit': 0}, 'Output': {'Type': None, 'Block': 0, 'Word': 0, 'Bit': 0}}",%DB6901.DBD2,"{'ConvAlg': '4 Int/Ext', 'CalcAlg': '1', 'BlockAlg': '0 No Algorithm'}",
2852,020BM120A01_MAINT2_MH,"Maintenance, h","Техобслуживание, ч",991_Maintenance,"{'PLCNo': '991', 'FC': 0, 'Input': {'Type': None, 'Block': 6901, 'Word': 6, 'Bit': 0}, 'Output': {'Type': None, 'Block': 0, 'Word': 0, 'Bit': 0}}",%DB6901.DBD6,"{'ConvAlg': '4 Int/Ext', 'CalcAlg': '1', 'BlockAlg': '0 No Algorithm'}",
2856,020BM120A01_MAINT4_MH,"Maintenance, h","Техобслуживание, ч",991_Maintenance,"{'PLCNo': '991', 'FC': 0, 'Input': {'Type': None, 'Block': 6901, 'Word': 14, 'Bit': 0}, 'Output': {'Type': None, 'Block': 0, 'Word': 0, 'Bit': 0}}",%DB6901.DBD14,"{'ConvAlg': '4 Int/Ext', 'CalcAlg': '1', 'BlockAlg': '0 No Algorithm'}",
2860,020BM120A01_MAINT6_MH,"Maintenance, h","Техобслуживание, ч",991_Maintenance,"{'PLCNo': '991', 'FC': 0, 'Input': {'Type': None, 'Block': 6902, 'Word': 6, 'Bit': 0}, 'Output': {'Type': None, 'Block': 0, 'Word': 0, 'Bit': 0}}",%DB6902.DBD6,"{'ConvAlg': '4 Int/Ext', 'CalcAlg': '1', 'BlockAlg': '0 No Algorithm'}",
2862,020BM120A01_MAINT7_MH,"Maintenance, h","Техобслуживание, ч",991_Maintenance,"{'PLCNo': '991', 'FC': 0, 'Input': {'Type': None, 'Block': 6902, 'Word': 10, 'Bit': 0}, 'Output': {'Type': None, 'Block': 0, 'Word': 0, 'Bit': 0}}",%DB6902.DBD10,"{'ConvAlg': '4 Int/Ext', 'CalcAlg': '1', 'BlockAlg': '0 No Algorithm'}",
2864,020BM120A01_MAINT8_MH,"Maintenance, h","Техобслуживание, ч",991_Maintenance,"{'PLCNo': '991', 'FC': 0, 'Input': {'Type': None, 'Block': 6902, 'Word': 14, 'Bit': 0}, 'Output': {'Type': None, 'Block': 0, 'Word': 0, 'Bit': 0}}",%DB6902.DBD14,"{'ConvAlg': '4 Int/Ext', 'CalcAlg': '1', 'BlockAlg': '0 No Algorithm'}",
2866,020BM120A01_MAINT9_MH,"Maintenance, h","Техобслуживание, ч",991_Maintenance,"{'PLCNo': '991', 'FC': 0, 'Input': {'Type': None, 'Block': 6903, 'Word': 2, 'Bit': 0}, 'Output': {'Type': None, 'Block': 0, 'Word': 0, 'Bit': 0}}",%DB6903.DBD2,"{'ConvAlg': '4 Int/Ext', 'CalcAlg': '1', 'BlockAlg': '0 No Algorithm'}",
2868,020BM120A01_MAINT10_MH,"Maintenance, h","Техобслуживание, ч",991_Maintenance,"{'PLCNo': '991', 'FC': 0, 'Input': {'Type': None, 'Block': 6903, 'Word': 6, 'Bit': 0}, 'Output': {'Type': None, 'Block': 0, 'Word': 0, 'Bit': 0}}",%DB6903.DBD6,"{'ConvAlg': '4 Int/Ext', 'CalcAlg': '1', 'BlockAlg': '0 No Algorithm'}",
2880,020ML060A01_MAINT12_MH,"Maintenance, h","Техобслуживание, ч",991_Maintenance,"{'PLCNo': '991', 'FC': 0, 'Input': {'Type': None, 'Block': 6703, 'Word': 14, 'Bit': 0}, 'Output': {'Type': None, 'Block': 0, 'Word': 0, 'Bit': 0}}",%DB6703.DBD14,"{'ConvAlg': '4 Int/Ext', 'CalcAlg': '1', 'BlockAlg': '0 No Algorithm'}",
2882,020BM110A01_MAINT12_MH,"Maintenance, h","Техобслуживание, ч",991_Maintenance,"{'PLCNo': '991', 'FC': 0, 'Input': {'Type': None, 'Block': 6803, 'Word': 14, 'Bit': 0}, 'Output': {'Type': None, 'Block': 0, 'Word': 0, 'Bit': 0}}",%DB6803.DBD14,"{'ConvAlg': '4 Int/Ext', 'CalcAlg': '1', 'BlockAlg': '0 No Algorithm'}",
2884,020BM120A01_MAINT12_MH,"Maintenance, h","Техобслуживание, ч",991_Maintenance,"{'PLCNo': '991', 'FC': 0, 'Input': {'Type': None, 'Block': 6903, 'Word': 14, 'Bit': 0}, 'Output': {'Type': None, 'Block': 0, 'Word': 0, 'Bit': 0}}",%DB6903.DBD14,"{'ConvAlg': '4 Int/Ext', 'CalcAlg': '1', 'BlockAlg': '0 No Algorithm'}",
2996,060SP362U01_MAINT_MH,"Maintenance, h","Техобслуживание, ч",991_Maintenance,"{'PLCNo': '991', 'FC': 0, 'Input': {'Type': None, 'Block': 6069, 'Word': 2, 'Bit': 0}, 'Output': {'Type': None, 'Block': 0, 'Word': 0, 'Bit': 0}}",%DB6069.DBD2,"{'ConvAlg': '4 Int/Ext', 'CalcAlg': '1', 'BlockAlg': '0 No Algorithm'}",
2998,060SP363U01_MAINT_MH,"Maintenance, h","Техобслуживание, ч",991_Maintenance,"{'PLCNo': '991', 'FC': 0, 'Input': {'Type': None, 'Block': 6070, 'Word': 2, 'Bit': 0}, 'Output': {'Type': None, 'Block': 0, 'Word': 0, 'Bit': 0}}",%DB6070.DBD2,"{'ConvAlg': '4 Int/Ext', 'CalcAlg': '1', 'BlockAlg': '0 No Algorithm'}",
3008,040SP816U01_MAINT_MH,"Maintenance, h","Техобслуживание, ч",991_Maintenance,"{'PLCNo': '991', 'FC': 0, 'Input': {'Type': None, 'Block': 6059, 'Word': 2, 'Bit': 0}, 'Output': {'Type': None, 'Block': 0, 'Word': 0, 'Bit': 0}}",%DB6059.DBD2,"{'ConvAlg': '4 Int/Ext', 'CalcAlg': '1', 'BlockAlg': '0 No Algorithm'}",
3035,020SJ952M01_MAINT_MH,"Maintenance, h","Техобслуживание, ч",991_Maintenance,"{'PLCNo': '991', 'FC': 0, 'Input': {'Type': None, 'Block': 6051, 'Word': 2, 'Bit': 0}, 'Output': {'Type': None, 'Block': 0, 'Word': 0, 'Bit': 0}}",%DB6051.DBD2,"{'ConvAlg': '4 Int/Ext', 'CalcAlg': '1', 'BlockAlg': '0 No Algorithm'}",
3037,020SJ953M01_MAINT_MH,"Maintenance, h","Техобслуживание, ч",991_Maintenance,"{'PLCNo': '991', 'FC': 0, 'Input': {'Type': None, 'Block': 6052, 'Word': 2, 'Bit': 0}, 'Output': {'Type': None, 'Block': 0, 'Word': 0, 'Bit': 0}}",%DB6052.DBD2,"{'ConvAlg': '4 Int/Ext', 'CalcAlg': '1', 'BlockAlg': '0 No Algorithm'}",
3039,020SJ954M01_MAINT_MH,"Maintenance, h","Техобслуживание, ч",991_Maintenance,"{'PLCNo': '991', 'FC': 0, 'Input': {'Type': None, 'Block': 6053, 'Word': 2, 'Bit': 0}, 'Output': {'Type': None, 'Block': 0, 'Word': 0, 'Bit': 0}}",%DB6053.DBD2,"{'ConvAlg': '4 Int/Ext', 'CalcAlg': '1', 'BlockAlg': '0 No Algorithm'}",
3041,020SJ955M01_MAINT_MH,"Maintenance, h","Техобслуживание, ч",991_Maintenance,"{'PLCNo': '991', 'FC': 0, 'Input': {'Type': None, 'Block': 6054, 'Word': 2, 'Bit': 0}, 'Output': {'Type': None, 'Block': 0, 'Word': 0, 'Bit': 0}}",%DB6054.DBD2,"{'ConvAlg': '4 Int/Ext', 'CalcAlg': '1', 'BlockAlg': '0 No Algorithm'}",
3048,020BC031U01_MAINT_MH,"Maintenance, h","Техобслуживание, ч",991_Maintenance,"{'PLCNo': '991', 'FC': 0, 'Input': {'Type': None, 'Block': 6075, 'Word': 2, 'Bit': 0}, 'Output': {'Type': None, 'Block': 0, 'Word': 0, 'Bit': 0}}",%DB6075.DBD2,"{'ConvAlg': '4 Int/Ext', 'CalcAlg': '1', 'BlockAlg': '0 No Algorithm'}",
3050,020CR020A02_MAINT_MH,"Oil change, h","Замена масла, ч",991_Maintenance,"{'PLCNo': '991', 'FC': 0, 'Input': {'Type': None, 'Block': 6072, 'Word': 2, 'Bit': 0}, 'Output': {'Type': None, 'Block': 0, 'Word': 0, 'Bit': 0}}",%DB6072.DBD2,"{'ConvAlg': '4 Int/Ext', 'CalcAlg': '1', 'BlockAlg': '0 No Algorithm'}",
3086,050PU272U01_MAINT_MH,"Maintenance, h","Техобслуживание, ч",991_Maintenance,"{'PLCNo': '991', 'FC': 0, 'Input': {'Type': None, 'Block': 6067, 'Word': 2, 'Bit': 0}, 'Output': {'Type': None, 'Block': 0, 'Word': 0, 'Bit': 0}}",%DB6067.DBD2,"{'ConvAlg': '4 Int/Ext', 'CalcAlg': '1', 'BlockAlg': '0 No Algorithm'}",
3088,050PU274U01_MAINT_MH,"Maintenance, h","Техобслуживание, ч",991_Maintenance,"{'PLCNo': '991', 'FC': 0, 'Input': {'Type': None, 'Block': 6068, 'Word': 2, 'Bit': 0}, 'Output': {'Type': None, 'Block': 0, 'Word': 0, 'Bit': 0}}",%DB6068.DBD2,"{'ConvAlg': '4 Int/Ext', 'CalcAlg': '1', 'BlockAlg': '0 No Algorithm'}",
3090,040IL200A01_35_MAINT_MH,"Maintenance, h","Техобслуживание, ч",991_Maintenance,"{'PLCNo': '991', 'FC': 0, 'Input': {'Type': None, 'Block': 6076, 'Word': 2, 'Bit': 0}, 'Output': {'Type': None, 'Block': 0, 'Word': 0, 'Bit': 0}}",%DB6076.DBD2,"{'ConvAlg': '4 Int/Ext', 'CalcAlg': '1', 'BlockAlg': '0 No Algorithm'}",
3092,040IL210A01_44_MAINT_MH,"Maintenance, h","Техобслуживание, ч",991_Maintenance,"{'PLCNo': '991', 'FC': 0, 'Input': {'Type': None, 'Block': 6077, 'Word': 2, 'Bit': 0}, 'Output': {'Type': None, 'Block': 0, 'Word': 0, 'Bit': 0}}",%DB6077.DBD2,"{'ConvAlg': '4 Int/Ext', 'CalcAlg': '1', 'BlockAlg': '0 No Algorithm'}",
3094,905RP100A01_119MAINT_MH,"Maintenance, h","Техобслуживание, ч",992_Maintenance,"{'PLCNo': '992', 'FC': 0, 'Input': {'Type': None, 'Block': 6029, 'Word': 2, 'Bit': 0}, 'Output': {'Type': None, 'Block': 0, 'Word': 0, 'Bit': 0}}",%DB6029.DBD2,"{'ConvAlg': '4 Int/Ext', 'CalcAlg': '1', 'BlockAlg': '0 No Algorithm'}",
3096,905RP100A01_120MAINT_MH,"Maintenance, h","Техобслуживание, ч",992_Maintenance,"{'PLCNo': '992', 'FC': 0, 'Input': {'Type': None, 'Block': 6030, 'Word': 2, 'Bit': 0}, 'Output': {'Type': None, 'Block': 0, 'Word': 0, 'Bit': 0}}",%DB6030.DBD2,"{'ConvAlg': '4 Int/Ext', 'CalcAlg': '1', 'BlockAlg': '0 No Algorithm'}",
3098,905RP100A01_117MAINT_MH,"Maintenance, h","Техобслуживание, ч",992_Maintenance,"{'PLCNo': '992', 'FC': 0, 'Input': {'Type': None, 'Block': 6031, 'Word': 2, 'Bit': 0}, 'Output': {'Type': None, 'Block': 0, 'Word': 0, 'Bit': 0}}",%DB6031.DBD2,"{'ConvAlg': '4 Int/Ext', 'CalcAlg': '1', 'BlockAlg': '0 No Algorithm'}",
3100,905RP100A01_118MAINT_MH,"Maintenance, h","Техобслуживание, ч",992_Maintenance,"{'PLCNo': '992', 'FC': 0, 'Input': {'Type': None, 'Block': 6032, 'Word': 2, 'Bit': 0}, 'Output': {'Type': None, 'Block': 0, 'Word': 0, 'Bit': 0}}",%DB6032.DBD2,"{'ConvAlg': '4 Int/Ext', 'CalcAlg': '1', 'BlockAlg': '0 No Algorithm'}",
3102,080SP460U01_MAINT_MH,"Maintenance, h","Техобслуживание, ч",992_Maintenance,"{'PLCNo': '992', 'FC': 0, 'Input': {'Type': None, 'Block': 6033, 'Word': 2, 'Bit': 0}, 'Output': {'Type': None, 'Block': 0, 'Word': 0, 'Bit': 0}}",%DB6033.DBD2,"{'ConvAlg': '4 Int/Ext', 'CalcAlg': '1', 'BlockAlg': '0 No Algorithm'}",
3104,080SP461U01_MAINT_MH,"Maintenance, h","Техобслуживание, ч",992_Maintenance,"{'PLCNo': '992', 'FC': 0, 'Input': {'Type': None, 'Block': 6034, 'Word': 2, 'Bit': 0}, 'Output': {'Type': None, 'Block': 0, 'Word': 0, 'Bit': 0}}",%DB6034.DBD2,"{'ConvAlg': '4 Int/Ext', 'CalcAlg': '1', 'BlockAlg': '0 No Algorithm'}",
3106,080SP600U01_MAINT_MH,"Maintenance, h","Техобслуживание, ч",992_Maintenance,"{'PLCNo': '992', 'FC': 0, 'Input': {'Type': None, 'Block': 6035, 'Word': 2, 'Bit': 0}, 'Output': {'Type': None, 'Block': 0, 'Word': 0, 'Bit': 0}}",%DB6035.DBD2,"{'ConvAlg': '4 Int/Ext', 'CalcAlg': '1', 'BlockAlg': '0 No Algorithm'}",
3108,080SP601U01_MAINT_MH,"Maintenance, h","Техобслуживание, ч",992_Maintenance,"{'PLCNo': '992', 'FC': 0, 'Input': {'Type': None, 'Block': 6036, 'Word': 2, 'Bit': 0}, 'Output': {'Type': None, 'Block': 0, 'Word': 0, 'Bit': 0}}",%DB6036.DBD2,"{'ConvAlg': '4 Int/Ext', 'CalcAlg': '1', 'BlockAlg': '0 No Algorithm'}",
3122,020CR020A02_MAINT1_MH,"Maintenance, h","Очcтка  дрбл, смазка резьбы, ч",991_Maintenance,"{'PLCNo': '991', 'FC': 0, 'Input': {'Type': None, 'Block': 6073, 'Word': 2, 'Bit': 0}, 'Output': {'Type': None, 'Block': 0, 'Word': 0, 'Bit': 0}}",%DB6073.DBD2,"{'ConvAlg': '4 Int/Ext', 'CalcAlg': '1', 'BlockAlg': '0 No Algorithm'}",
3124,020CR020A02_MAINT2_MH,"Maintenance, h","Дмнт.чаши, конуса, ч",991_Maintenance,"{'PLCNo': '991', 'FC': 0, 'Input': {'Type': None, 'Block': 6073, 'Word': 6, 'Bit': 0}, 'Output': {'Type': None, 'Block': 0, 'Word': 0, 'Bit': 0}}",%DB6073.DBD6,"{'ConvAlg': '4 Int/Ext', 'CalcAlg': '1', 'BlockAlg': '0 No Algorithm'}",
3126,020CR020A02_MAINT3_MH,"Maintenance, h","Смзка п/п-ков эл-двигателя, ч",991_Maintenance,"{'PLCNo': '991', 'FC': 0, 'Input': {'Type': None, 'Block': 6073, 'Word': 10, 'Bit': 0}, 'Output': {'Type': None, 'Block': 0, 'Word': 0, 'Bit': 0}}",%DB6073.DBD10,"{'ConvAlg': '4 Int/Ext', 'CalcAlg': '1', 'BlockAlg': '0 No Algorithm'}",
3128,080SP580U01_MAINT_MH,"Maintenance, h","Техобслуживание, ч",992_Maintenance,"{'PLCNo': '992', 'FC': 0, 'Input': {'Type': None, 'Block': 6038, 'Word': 2, 'Bit': 0}, 'Output': {'Type': None, 'Block': 0, 'Word': 0, 'Bit': 0}}",%DB6038.DBD2,"{'ConvAlg': '4 Int/Ext', 'CalcAlg': '1', 'BlockAlg': '0 No Algorithm'}",
3171,040SP815U01_MAINT_MH,"Maintenance, h","Техобслуживание, ч",991_Maintenance,"{'PLCNo': '991', 'FC': 0, 'Input': {'Type': None, 'Block': 6058, 'Word': 2, 'Bit': 0}, 'Output': {'Type': None, 'Block': 0, 'Word': 0, 'Bit': 0}}",%DB6058.DBD2,"{'ConvAlg': '4 Int/Ext', 'CalcAlg': '1', 'BlockAlg': '0 No Algorithm'}",
3210,020CR020A02_MAINT4_MH,"Maintenance, h","Замена футеровки, ч",991_Maintenance,"{'PLCNo': '991', 'FC': 0, 'Input': {'Type': None, 'Block': 6073, 'Word': 14, 'Bit': 0}, 'Output': {'Type': None, 'Block': 0, 'Word': 0, 'Bit': 0}}",%DB6073.DBD14,"{'ConvAlg': '4 Int/Ext', 'CalcAlg': '1', 'BlockAlg': '0 No Algorithm'}",
3226,080HT528_MAINT_MH,"WP Maintenance, h","Техобслуживание, ч",992CD100G41,"{'PLCNo': '992', 'FC': 0, 'Input': {'Type': None, 'Block': 6039, 'Word': 2, 'Bit': 0}, 'Output': {'Type': None, 'Block': 0, 'Word': 0, 'Bit': 0}}",%DB6039.DBD2,"{'ConvAlg': '4 Int/Ext', 'CalcAlg': '1', 'BlockAlg': '0 No Algorithm'}",
3280,030TK850_MAINT_MH,"Maintenance, h","Техобслуживание, ч",991_Maintenance,"{'PLCNo': '991', 'FC': 0, 'Input': {'Type': None, 'Block': 6116, 'Word': 2, 'Bit': 0}, 'Output': {'Type': None, 'Block': 0, 'Word': 0, 'Bit': 0}}",%DB6116.DBD2,"{'ConvAlg': '4 Int/Ext', 'CalcAlg': '1', 'BlockAlg': '0 No Algorithm'}",
3332,020MG021M01_MAINT_MH,"Maintenance, h","Техобслуживание, ч",991_Maintenance,"{'PLCNo': '991', 'FC': 0, 'Input': {'Type': None, 'Block': 6074, 'Word': 2, 'Bit': 0}, 'Output': {'Type': None, 'Block': 0, 'Word': 0, 'Bit': 0}}",%DB6074.DBD2,"{'ConvAlg': '4 Int/Ext', 'CalcAlg': '1', 'BlockAlg': '0 No Algorithm'}",
3422,350SP868U01_MAINT_MH,"Maintenance, h","Техобслуживание, ч",992_Maintenance,"{'PLCNo': '992', 'FC': 0, 'Input': {'Type': None, 'Block': 6067, 'Word': 2, 'Bit': 0}, 'Output': {'Type': None, 'Block': 0, 'Word': 0, 'Bit': 0}}",%DB6067.DBD2,"{'ConvAlg': '4 Int/Ext', 'CalcAlg': '1', 'BlockAlg': '0 No Algorithm'}",
3456,020ML060A01_MAINT19_MH,"Maintenance, h","Техобслуживание, ч",991_Maintenance,"{'PLCNo': '991', 'FC': 0, 'Input': {'Type': None, 'Block': 6705, 'Word': 10, 'Bit': 0}, 'Output': {'Type': None, 'Block': 0, 'Word': 0, 'Bit': 0}}",%DB6705.DBD10,"{'ConvAlg': '4 Int/Ext', 'CalcAlg': '1', 'BlockAlg': '0 No Algorithm'}",
3458,080PU527U01_MAINT_MH,"WP Maintenance, h","Техобслуживание, ч",992CD100G41,"{'PLCNo': '992', 'FC': 0, 'Input': {'Type': None, 'Block': 6050, 'Word': 2, 'Bit': 0}, 'Output': {'Type': None, 'Block': 0, 'Word': 0, 'Bit': 0}}",%DB6050.DBD2,"{'ConvAlg': '4 Int/Ext', 'CalcAlg': '1', 'BlockAlg': '0 No Algorithm'}",
3464,020BM110A01_MAINT18_MH,"Maintenance, h","Техобслуживание, ч",991_Maintenance,"{'PLCNo': '991', 'FC': 0, 'Input': {'Type': None, 'Block': 6805, 'Word': 6, 'Bit': 0}, 'Output': {'Type': None, 'Block': 0, 'Word': 0, 'Bit': 0}}",%DB6805.DBD6,"{'ConvAlg': '4 Int/Ext', 'CalcAlg': '1', 'BlockAlg': '0 No Algorithm'}",
3466,020BM110A01_MAINT19_MH,"Maintenance, h","Техобслуживание, ч",991_Maintenance,"{'PLCNo': '991', 'FC': 0, 'Input': {'Type': None, 'Block': 6805, 'Word': 10, 'Bit': 0}, 'Output': {'Type': None, 'Block': 0, 'Word': 0, 'Bit': 0}}",%DB6805.DBD10,"{'ConvAlg': '4 Int/Ext', 'CalcAlg': '1', 'BlockAlg': '0 No Algorithm'}",
3468,020BM120A01_MAINT18_MH,"Maintenance, h","Техобслуживание, ч",991_Maintenance,"{'PLCNo': '991', 'FC': 0, 'Input': {'Type': None, 'Block': 6905, 'Word': 6, 'Bit': 0}, 'Output': {'Type': None, 'Block': 0, 'Word': 0, 'Bit': 0}}",%DB6905.DBD6,"{'ConvAlg': '4 Int/Ext', 'CalcAlg': '1', 'BlockAlg': '0 No Algorithm'}",
3470,020BM120A01_MAINT19_MH,"Maintenance, h","Техобслуживание, ч",991_Maintenance,"{'PLCNo': '991', 'FC': 0, 'Input': {'Type': None, 'Block': 6905, 'Word': 10, 'Bit': 0}, 'Output': {'Type': None, 'Block': 0, 'Word': 0, 'Bit': 0}}",%DB6905.DBD10,"{'ConvAlg': '4 Int/Ext', 'CalcAlg': '1', 'BlockAlg': '0 No Algorithm'}",
3472,350SP869U01_MAINT_MH,"Maintenance, h","Техобслуживание, ч",992_Maintenance,"{'PLCNo': '992', 'FC': 0, 'Input': {'Type': None, 'Block': 6068, 'Word': 2, 'Bit': 0}, 'Output': {'Type': None, 'Block': 0, 'Word': 0, 'Bit': 0}}",%DB6068.DBD2,"{'ConvAlg': '4 Int/Ext', 'CalcAlg': '1', 'BlockAlg': '0 No Algorithm'}",
